,time,x,y,z,phi,theta,psi,x_velocity,y_velocity,z_velocity,phi_velocity,theta_velocity,psi_velocity,rotor_speed1,rotor_speed2,rotor_speed3,rotor_speed4
0,0.05999999865889549,-0.0002627206558827311,0.0011506961891427636,0.0,0.5117701888084412,0.12266497313976288,0.0,-0.016060659661889076,0.06933264434337616,-0.16943900287151337,1.6931359767913818,0.7999045252799988,0.0,276.28277587890625,367.0312194824219,265.6336364746094,440.91571044921875
1,0.05999999865889549,-3.0902256185072474e-06,1.1259224265813828e-05,0.0,0.010981300845742226,0.006868707947432995,0.0,-0.0002022005064645782,0.0006391212227754295,-0.46337461471557617,-0.32365256547927856,0.15167610347270966,0.0,153.91073608398438,186.38865661621094,228.19544982910156,168.75852966308594
2,0.05999999865889549,-0.0031825313344597816,-7.10189567598718e-07,0.0,0.0012593762949109077,5.3275556564331055,0.0,-0.06991572678089142,-6.470110383816063e-05,-0.6037073135375977,0.04562027007341385,5.5928635597229,0.0,21.467748641967773,643.1234130859375,52.52646255493164,77.99002075195312
3,0.05999999865889549,-0.0005911809275858104,3.148085880866347e-08,0.0,8.90662195160985e-05,1.938119888305664,0.0,0.04834170266985893,3.4476952350814827e-06,-0.4618971645832062,0.0042992448434233665,6.961674213409424,0.0,8.069270133972168,718.4227294921875,17.48406410217285,24.87683868408203
4,0.05999999865889549,-0.00012794655049219728,-7.07263025923055e-10,0.0,6.283177375793457,0.29415163397789,0.0,-0.007753117009997368,-7.120556233530806e-08,-0.505245566368103,-0.00039325622492469847,1.2697021961212158,0.0,9.245621681213379,304.7336730957031,12.777636528015137,11.602725982666016
5,0.05999999865889549,-4.476047588131138e-10,3.3423278034128145e-11,0.0,3.517559889587574e-05,0.00032338136225007474,0.0,-3.602090004051206e-08,3.216225508140269e-09,-0.5875422358512878,0.0017337256576865911,0.014432779513299465,0.0,5.805647850036621,32.9397087097168,8.233099937438965,13.930856704711914
6,0.05999999865889549,-9.140373458116358e-10,1.280880752574376e-07,0.0,0.004777160007506609,9.106024663196877e-05,0.0,-8.553431740665474e-08,8.453639566141646e-06,-0.5804586410522461,0.11960945278406143,0.004392211325466633,0.0,3.244889736175537,18.178579330444336,9.326629638671875,93.81844329833984
