,time,x,y,z,phi,theta,psi,x_velocity,y_velocity,z_velocity,phi_velocity,theta_velocity,psi_velocity,rotor_speed1,rotor_speed2,rotor_speed3,rotor_speed4
0,0.06,-0.02729649,1.2016922e-05,2.0289345,0.0025944782,3.213328,0.0,-1.3510133,-0.0004717758,0.15348372,-0.1984692,4.3305345,0.0,762.3912,948.7266,759.9762,750.40155
1,0.12,-0.09106731,-5.886342e-05,1.9492166,6.2743406,4.1002045,0.0,-0.47069794,0.0017893498,-2.691905,-0.17842911,6.2081437,0.0,860.6822,949.6326,749.9117,750.86334
2,0.18,-0.04411108,-0.013997407,1.7372339,3.169325,4.50188,0.0,2.1167316,-0.65297276,-3.8886786,4.1354904,5.723437,0.0,949.7884,949.8266,750.01825,937.8884
3,0.24,0.16368754,-0.05251679,1.4973148,3.7777548,4.8515186,0.0,4.812332,-0.64219594,-4.247943,5.544631,5.458542,0.0,943.70184,949.7129,749.8296,828.0466
4,0.3,0.5279714,-0.10127708,1.2130712,4.1480927,5.1811194,0.0,7.282671,-1.0855556,-5.2877436,5.9616156,5.268867,0.0,942.0752,949.62744,749.7847,789.8706
5,0.36,1.0118632,-0.2052175,0.85770893,4.508417,0.34089166,0.0,8.442717,-2.6897888,-6.6081734,5.759643,7.8049645,0.0,824.4909,949.52344,749.78735,762.2901
6,0.42,1.4745919,-0.40441585,0.4334503,5.055112,2.972129,0.0,6.775237,-3.1751356,-7.486238,6.796566,11.33639,0.0,750.7552,949.4926,749.43353,820.7817
7,0.48,1.8902446,-0.55234593,0.0,1.5060211,4.529443,0.0,7.577893,-2.500904,-9.480824,10.463518,13.557627,0.0,772.0276,949.3709,749.50446,945.1563
